{"results": {"openbookqa": {"acc": 0.162, "acc_stderr": 0.016494123566423522, "acc_norm": 0.28, "acc_norm_stderr": 0.020099950647503237}, "arc_easy": {"acc": 0.25715488215488214, "acc_stderr": 0.008968394768971993, "acc_norm": 0.25673400673400676, "acc_norm_stderr": 0.008963590834042409}, "winogrande": {"acc": 0.4964483030781373, "acc_stderr": 0.014052131146915857}, "hellaswag": {"acc": 0.2581159131647082, "acc_stderr": 0.004367037632204533, "acc_norm": 0.26399123680541725, "acc_norm_stderr": 0.0043989372250384205}, "arc_challenge": {"acc": 0.2295221843003413, "acc_stderr": 0.01228892676089078, "acc_norm": 0.25853242320819114, "acc_norm_stderr": 0.012794553754288668}, "piqa": {"acc": 0.5408052230685527, "acc_stderr": 0.011626910523588569, "acc_norm": 0.5233949945593036, "acc_norm_stderr": 0.011653047155927793}, "boolq": {"acc": 0.517737003058104, "acc_stderr": 0.008739550833308119}, "lambada_openai": {"ppl": 4794847.787803642, "ppl_stderr": 477934.12069552747, "acc": 0.0, "acc_stderr": 0.0}}, "versions": {"openbookqa": 0, "arc_easy": 0, "winogrande": 0, "hellaswag": 0, "arc_challenge": 0, "piqa": 0, "boolq": 1, "lambada_openai": 0}}