{"results": {"openbookqa": {"acc": 0.264, "acc_stderr": 0.019732885585922098, "acc_norm": 0.372, "acc_norm_stderr": 0.0216371979857224}, "arc_easy": {"acc": 0.6683501683501684, "acc_stderr": 0.00966073378092395, "acc_norm": 0.6140572390572391, "acc_norm_stderr": 0.009989277329503957}, "winogrande": {"acc": 0.5990528808208366, "acc_stderr": 0.013773974554948028}, "hellaswag": {"acc": 0.4827723561043617, "acc_stderr": 0.00498681868031344, "acc_norm": 0.625273849830711, "acc_norm_stderr": 0.004830628620181016}, "arc_challenge": {"acc": 0.32593856655290104, "acc_stderr": 0.013697432466693244, "acc_norm": 0.32764505119453924, "acc_norm_stderr": 0.013715847940719346}, "piqa": {"acc": 0.7421109902067464, "acc_stderr": 0.010206956662056262, "acc_norm": 0.7589771490750816, "acc_norm_stderr": 0.009979042717267312}, "boolq": {"acc": 0.6131498470948012, "acc_stderr": 0.008518188340844755}, "lambada_openai": {"ppl": 7.954573563531651, "ppl_stderr": 0.2738837506459435, "acc": 0.5907238501843586, "acc_stderr": 0.006850346579159588}}, "versions": {"openbookqa": 0, "arc_easy": 0, "winogrande": 0, "hellaswag": 0, "arc_challenge": 0, "piqa": 0, "boolq": 1, "lambada_openai": 0}}